<?xml version="1.0" encoding="UTF-8"?>
<beans xmlns="http://www.springframework.org/schema/beans"
	xmlns:xsi="http://www.w3.org/2001/XMLSchema-instance"
	xmlns:context="http://www.springframework.org/schema/context"
	xsi:schemaLocation="http://www.springframework.org/schema/beans http://www.springframework.org/schema/beans/spring-beans.xsd
		http://www.springframework.org/schema/context http://www.springframework.org/schema/context/spring-context-4.1.xsd">
	
	<!-- <context:property-placeholder location="classpath:jdbc.properties" /> -->
	
	<!-- dataSource -->
	<!-- <bean id="dataSource" class="com.mchange.v2.c3p0.ComboPooledDataSource"
		destroy-method="close">
		<property name="driverClass" value="${jdbc.driverClassName}" />
		<property name="jdbcUrl" value="${jdbc.url}" />
		<property name="user" value="${jdbc.username}" />
		<property name="password" value="${jdbc.password}" />
		<property name="maxPoolSize" value="${jdbc.maxPoolSize}" />
	</bean> -->
	
	<!-- Data Source -->
	<bean id="dataSource"
		class="org.springframework.jdbc.datasource.SimpleDriverDataSource">
		<property name="driverClass" value="oracle.jdbc.driver.OracleDriver" />
		<property name="url" value="jdbc:oracle:thin:@3.39.227.204:1521:xe" />
		<property name="username" value="project" />
		<property name="password" value="project123" />
	</bean>


	
	<!-- 스프링 jdbc 즉 스프링으로 oracle 디비 연결  -->
	<bean id="sqlSessionFactory" class="org.mybatis.spring.SqlSessionFactoryBean">
		<property name="dataSource" ref="dataSource" />
		<property name="configLocation" value="classpath:configuration.xml" />
		<property name="mapperLocations" value="classpath:sql/*.xml" />
	</bean>
	
	<bean id="session" class="org.mybatis.spring.SqlSessionTemplate" destroy-method="clearCache">
		<constructor-arg index="0" ref="sqlSessionFactory" />
	</bean>	
	
</beans>