<?xml version="1.0" encoding="UTF-8"?>
<beans:beans xmlns="http://www.springframework.org/schema/mvc"
	xmlns:xsi="http://www.w3.org/2001/XMLSchema-instance"
	xmlns:beans="http://www.springframework.org/schema/beans"
	xmlns:context="http://www.springframework.org/schema/context"
	xsi:schemaLocation="http://www.springframework.org/schema/mvc https://www.springframework.org/schema/mvc/spring-mvc.xsd
		http://www.springframework.org/schema/beans https://www.springframework.org/schema/beans/spring-beans.xsd
		http://www.springframework.org/schema/context https://www.springframework.org/schema/context/spring-context.xsd">

	<!-- DispatcherServlet Context: defines this servlet's request-processing infrastructure -->
	
	<!-- Enables the Spring MVC @Controller programming model -->
	<annotation-driven />
	<!-- Handles HTTP GET requests for /resources/** by efficiently serving up static resources in the ${webappRoot}/resources directory -->
	
	<!-- Handles HTTP GET requests for /resources/** by efficiently serving up static resources in the ${webappRoot}/resources directory -->
	
 	<resources mapping="/resources/**" location="/resources/" />
 	<resources mapping="/upload/**" location="/resources/upload/" /> 
	<resources mapping="/js/**" location="/resources/js/" />
    <resources mapping="/css/**" location="/resources/css/" />
	<resources mapping="/fonts/**" location="/fonts/" />
	<resources mapping="/imges/**" location="/img/" />
	<resources mapping="/sass/**" location="/sass/" />
	<resources mapping="/Source/**" location="/Source/" /> 


	<!-- Resolves views selected for rendering by @Controllers to .jsp resources in the /WEB-INF/views directory -->
	<beans:bean id="internalResourceViewResolver" class="org.springframework.web.servlet.view.InternalResourceViewResolver">
		<beans:property name="prefix" value="/WEB-INF/views/" />
		<beans:property name="suffix" value=".jsp" />
	</beans:bean>
	
	<context:component-scan base-package="pjmarket" />

	<beans:bean id="loginIntercepter" class="pjmarket.intercepter.LoginIntercepter"></beans:bean>
	
	<interceptors>
		<interceptor>
			<mapping path="/listlike.do"/>
			<mapping path="/insertlike.do"/>
			<mapping path="/listcart.do"/>
			<mapping path="/like_to_cart.do"/>
			<mapping path="/product_to_cart.do"/>
			<mapping path="/qna_writeform.do"/>
			<mapping path="/review_writeform"/>
			<mapping path="/off_writeform.do"/>
			<mapping path="/insertproductform.do"/>
			<mapping path="/search_product.do"/>
			<beans:ref bean="loginIntercepter" />
		</interceptor>
	</interceptors>
	
		<!-- 파일 업로드  설정 -->
	<beans:bean id="multipartResolver" class="org.springframework.web.multipart.commons.CommonsMultipartResolver">
		<beans:property name="maxUploadSize" value="10000000"/>	
		<beans:property name="defaultEncoding" value="utf-8" />
	</beans:bean>
	

</beans:beans>
