<?xml version="1.0" encoding="UTF-8" ?>
<!DOCTYPE mapper PUBLIC "-//mybatis.org//DTD Mapper 3.0//EN"
"http://mybatis.org/dtd/mybatis-3-mapper.dtd">

<mapper namespace="likens">

	<!-- 게시판 목록 (member_id를 전달 받아 join하여 조회) -->
	<!-- 	id= dao 에서 호출할 이름 parameterType = dao로 돌려줄 타입 resultType = 어떻게 받을지 하는 타입 configurateion에서 참조-->
	<select id="like_list" parameterType="list" resultType="likelist">
		select p.product_img, p.product_name, p.product_price, p.product_num, l.likes_num, o.options_name, o.options_price, l.options_num
		from product p join likes l on p.product_num = l.product_num join options o on l.options_num = o.options_num where l.member_id = #{member_id}
	</select>
	
	<delete id="like_delete" parameterType="int">
		delete from likes where likes_num=#{likes_num}
	</delete>
	
	<select id="selectlike" parameterType="map" resultType="likes">
		select * from likes where member_id = #{member_id} and product_num = #{product_num} and options_num = #{options_num}
	</select>
	
	<insert id="insertlike" parameterType="map">
		insert into likes values(likes_seq.nextval, #{product_num}, #{member_id}, #{options_num})				
	</insert>
</mapper>