<?xml version="1.0" encoding="UTF-8" ?>
<!DOCTYPE mapper PUBLIC "-//mybatis.org//DTD Mapper 3.0//EN"
"http://mybatis.org/dtd/mybatis-3-mapper.dtd">

<mapper namespace="memberns">

	<!-- 회원저장 -->
	<insert id="member_join" parameterType="member">
		insert into member (member_no,member_id,member_pw,member_name,
		member_zip1,member_addr1,member_addr2,member_phone,member_phone2,member_phone3,member_email,member_domain,
		member_date,join_state) values(join_member_memberno_seq.nextval,
		#{member_id},#{member_pw},#{member_name},
		#{member_zip1},#{member_addr1},#{member_addr2},
		#{member_phone},#{member_phone2},#{member_phone3},#{member_email},#{member_domain},sysdate,1)
	</insert>
	
	<!-- 로그인 인증 --> 
	<select id="login_check" parameterType="String" resultType="member">
	 select * from member where member_id=#{member_id} and join_state=1
	</select>
	
	<!-- ID중복검사 -->
	<select id="id_check" parameterType="String" resultType="member">
	 select member_id from member where member_id = #{member_id}
	</select>
	
	<!-- 회원정보수정 -->
	<update id="member_edit" parameterType="member">
		update member set member_pw=#{member_pw},member_name=#{member_name},member_zip1=#{member_zip1}, 
		member_addr1=#{member_addr1},member_addr2=#{member_addr2},member_phone=#{member_phone}, 
		member_phone2=#{member_phone2},member_phone3=#{member_phone3},member_email=#{member_email},
		member_domain=#{member_domain} where member_id=#{member_id}
	</update>
	
	<!-- 회원 탈퇴 -->
	<update id="member_delete" parameterType="member">
		update member set join_state=2, member_deldate=sysdate where member_id=#{member_id}
	</update>

</mapper>