<?xml version="1.0" encoding="UTF-8"?>
<!DOCTYPE mapper PUBLIC "-//mybatis.org//DTD Mapper 3.0//EN"
"http://mybatis.org/dtd/mybatis-3-mapper.dtd">
<mapper namespace="officialns">

	<resultMap id="offresult" type="off">
		<result property="off_num" column="off_num" />
		<result property="off_name" column="off_name" />
		<result property="off_pw" column="off_pw" />
		<result property="off_subject" column="off_subject" />
		<result property="off_content" column="off_content" />
		<result property="off_readcount" column="off_readcount" />
		<result property="off_date" column="off_date" />
	</resultMap>

	
	<!-- 공지사항 글작성 -->

	<insert id="off_insert" parameterType="off">
	
	insert into official values
	
	(official_seq.nextval,#{off_name},#{off_pw},#{off_subject},#{off_content},0,sysdate)
	</insert>

	<!-- 공지사항 글갯수 -->
	<select id="off_count" resultType="int">
		select count(*) from official
	</select>


	<!-- 공지사항 목록 -->
	<!-- page 전달 -->
	<!-- <select id="off_list" parameterType="int" resultType="off">
		select * from (select rownum rnum, off.* from (
		select * from official order by off_re_ref desc,off_re_seq asc) off )
		where rnum = (#{page}-1) * 10 + 1 and rnum = #{page}*10
	</select> -->
	
	<!-- 글목록 -->
<select id="off_list" parameterType="int" resultType="off">
	<![CDATA[
	select * from (select rownum rnum, off.* from
	(select * from official order by off_num desc) off)
	where rnum >= ((#{page}-1) * 10 + 1) and rnum <= (#{page} * 10) 
	]]>
</select>


	<!-- 공지사항 조회수 증가 -->
	<update id="off_hit" parameterType="int">
		update official set
		off_readcount=off_readcount+1
		where off_num=#{off_num}
	</update>

	<!-- 공지사항 내용보기 -->
	<select id="off_content" resultType="off" parameterType="int">
		select * from official where off_num = #{off_num}
	</select>

	<!-- 공지사항 수정 -->
	<update id="off_update" parameterType="off">
		update official set
		off_name=#{off_name},
		off_pw=#{off_pw},
		off_subject=#{off_subject},
		off_content=#{off_content},
		off_date=sysdate
		where off_num=#{off_num}
	</update>

	<!-- 공지사항 삭제 -->
	<delete id="off_delete" parameterType="int">
		delete from official where
		off_num=#{off_num}
	</delete>


</mapper>