<?xml version="1.0" encoding="UTF-8" ?>
<!DOCTYPE mapper PUBLIC "-//mybatis.org//DTD Mapper 3.0//EN"
"http://mybatis.org/dtd/mybatis-3-mapper.dtd">

<mapper namespace="optionsns">

	<!-- 게시판 목록 (member_id를 전달 받아 join하여 조회) -->
	<!-- 	id= dao 에서 호출할 이름 parameterType = dao로 돌려줄 타입 resultType = 어떻게 받을지 하는 타입 configurateion에서 참조-->
    <insert id="insert_options" parameterType="map">
     insert into options values(options_seq.nextval, #{product_num}, #{options_name}, #{options_price}, #{options_sale})
    </insert>
    
    <select id="options_list" parameterType="list" resultType="options">
		select * from options where product_num = #{product_num}
    </select>
    
    <select id="options_count" parameterType="int" resultType="int">
    	select count(options_num) from options where product_num = #{product_num}
    </select>
    
    <update id="update_options" parameterType="map">
    	update options set options_name = #{options_name}, options_price = #{options_price},
    	options_sale = #{options_sale}, product_num = #{product_num} where options_num = #{options_num}
    </update>
    
</mapper>