<?xml version="1.0" encoding="UTF-8" ?>
<!DOCTYPE mapper PUBLIC "-//mybatis.org//DTD Mapper 3.0//EN"
"http://mybatis.org/dtd/mybatis-3-mapper.dtd">

<mapper namespace="productns">

	<!-- 게시판 목록 (member_id를 전달 받아 join하여 조회) -->
	<!-- 	id= dao 에서 호출할 이름 parameterType = dao로 돌려줄 타입 resultType = 어떻게 받을지 하는 타입 configurateion에서 참조-->
    <insert id="product_insert" parameterType="product" keyProperty="product_num">
     insert into product values(product_seq.nextval, #{product_l},#{product_m},
     #{product_name},#{product_price},#{product_content},
     #{product_sub},#{product_img},#{product_stock})
     	<selectKey order="AFTER" keyColumn="product_num" keyProperty="product_num" resultType="int">
     		select last_number-1 as product_num from user_sequences where sequence_name = 'PRODUCT_SEQ'
     	</selectKey>
    </insert>
    
    <!-- 해당 카테고리 총 상품 수 -->
	<select id="product_count" resultType="int">
		select count(product_num) from product where product_l = #{product_l}
	</select>
    
    <select id="product_list" parameterType="map" resultType="product">
	 <![CDATA[
		select * from (select rownum rnum, product_num, product_l, product_m, product_name, product_price,
		product_content, product_sub, product_img, product_stock from (select * from product order by product_num desc) where product_l = #{product_l})
	   	where rnum >= ((#{page}-1) * 12+1)  and rnum <= (#{page} * 12) 
		]]>
    </select>

    <!-- 상품디테일 -->
	<select id="product_detail" resultType="product">
		select * from product where product_num = #{product_num}
	</select>
	
	<!-- 상품수정시 리스트 검색 -->
	<select id="product_search" resultType="product">
		select * from product where product_name like '%' || #{product_name} || '%'
	</select>
	<!-- 검색한 상품 갯수 -->
	<select id="search_count" resultType="int">
		select count(product_num) from product where product_name like '%' || #{product_name} || '%'
	</select>
	
	<select id="select_product_star" resultType="Integer">
		select AVG(NVL(review_star,0)) from review where product_num = #{product_num}
	</select>
	
	
	<select id="select_product_star_count" resultType="Integer">
		select count(review_no) from review where product_num = #{product_num}
	</select>
	
	<update id="update_product" parameterType="product">
		update product set product_l = #{product_l}, product_m = #{product_m}, product_name = #{product_name},
		product_price = #{product_price}, product_content = #{product_content}, product_sub = #{product_sub},
		product_img = #{product_img}, product_stock = #{product_stock} where product_num = #{product_num}
	</update>
	
	<select id="main_list" resultType="product">
	<![CDATA[
		select * from (select rownum rnum, product_num, product_l, product_m, product_name, product_price,
		product_content, product_sub, product_img, product_stock from (select * from product order by product_num desc))
	   	where rnum >= 1  and rnum <= 10 
	]]>
	</select>
</mapper>