<?xml version="1.0" encoding="UTF-8" ?>
<!DOCTYPE mapper PUBLIC "-//mybatis.org//DTD Mapper 3.0//EN"
"http://mybatis.org/dtd/mybatis-3-mapper.dtd">

<mapper namespace="qnans">

	<resultMap id="qnaResult" type="qna">
		<result property="qna_no" column="qna_no" />
		<result property="member_id" column="member_id" />
		<result property="product_num" column="product_num" />
		<result property="qna_re" column="qna_re" />
		<result property="qna_content" column="qna_content" />
		<result property="qna_date" column="qna_date" />
		<result property="qna_group" column="qna_group" />
	</resultMap>


	<insert id="qna_userinsert" parameterType="qna">
		insert into qna
		(qna_no, member_id, product_num, qna_re, qna_content, qna_date,
		qna_group)
		values
		(qna_seq.nextval, #{member_id}, #{product_num},
		#{qna_re}, #{qna_content}, sysdate, qna_seq.nextval)
	</insert>


	<insert id="qna_admininsert" parameterType="qna">
		insert into qna
		(qna_no, member_id, product_num, qna_re, qna_content, qna_date,
		qna_group)
		values
		(qna_seq.nextval, #{member_id}, #{product_num},
		#{qna_re}, #{qna_content}, sysdate, #{qna_group})
	</insert>


	<!-- <select id="qna_count" parameterType="HashMap" resultType="int"> select 
		count(qna_no) from qna where product_num = #{product_num} </select> -->

	<select id="qna_count" resultType="int">
		select count(qna_no) from qna where product_num = #{product_num}
	</select>

	<!-- <select id="qna_list" parameterType="HashMap" resultType="qna"> -->
	<!-- <![CDATA[ -->
	<!-- select * from (select rownum rnum, qna.* from qna where product_num 
		= #{product_num} order by qna_no desc) -->
	<!-- where rnum >= ((#{page}-1) * 5+1) and rnum <= (#{page} * 5) order by 
		qna_group desc, qna_re asc -->
	<!-- ]]> -->
	<!-- </select> -->

	<select id="qna_list" parameterType="HashMap" resultType="qna">
		<![CDATA[
		select*from  (select rownum rnum, qna.* from (select*from qna where product_num = #{product_num} order by qna_group desc, qna_re asc) qna )
		where rnum >= ((#{page}-1) * 5+1)  and rnum <= (#{page} * 5) order by qna_group desc, qna_re asc
		 ]]>
	</select>

	<!-- <select id="qna_list" parameterType="HashMap" resultType="qna"> <![CDATA[ 
		select * from (select rownum rnum, qna.* from qna order by qna_no desc) where 
		rnum >= ((#{page}-1) * 5+1) and rnum <= (#{page} * 5) order by qna_group 
		desc, qna_re asc ]]> </select> -->


	<select id="qna_select" resultType="qna">
		select * from qna where
		qna_no = #{qna_no}
	</select>


	<update id="qna_update" parameterType="qna">
		update qna set qna_content
		= #{qna_content} where qna_no = #{qna_no}
	</update>

	<delete id="qna_userdelete">
		delete qna where qna_group = #{qna_group}
	</delete>


	<delete id="qna_admindelete">
		delete qna where qna_re = 1 and qna_group =
		#{qna_group}
	</delete>


	<select id="product_select" resultType="product">
		select * from product
		where
		product_num = #{product_num}
	</select>





	<select id="test_controller" resultType="qna">
		select * from qna where qna_no = 116
	</select>


</mapper>