<?xml version="1.0" encoding="UTF-8" ?>
<!DOCTYPE mapper PUBLIC "-//mybatis.org//DTD Mapper 3.0//EN"
"http://mybatis.org/dtd/mybatis-3-mapper.dtd">

<mapper namespace="reviewns">

<resultMap id="reviewresult"  type="review">
		<result property="review_no"	     column="review_no" />
		<result property="review_sb"         column="review_sb" />
		<result property="member_id"         column="member_id" />
		<result property="product_num"       column="product_num" />
		<result property="options_num"       column="options_num" />
		<result property="review_star"       column="review_star" />
		<result property="review_content"    column="review_content" />
		<result property="review_img"     	 column="review_img" />
		<result property="review_date"	     column="review_date" />
		<result property="r_hit"	         column="r_hit" />
</resultMap>
	
<!-- 리뷰 인서트 -->
<insert id="review_insertresult" parameterType="review">
insert into review
(review_no, review_sb, member_id, product_num, options_num, review_star, review_content,review_img,review_date)
values
(review_seq.nextval, #{review_sb}, #{member_id}, #{product_num}, #{options_num}, #{review_star},#{review_content},#{review_img, jdbcType=VARCHAR}, sysdate)
</insert>

<!-- 상품 리뷰 갯수 -->
<select id="review_count" resultType="int">

		select count(review_no) from review where product_num = #{product_num}
		
</select>

<!-- 리뷰 목록-->
<select id="review_boardlist" parameterType="hashmap" resultType="review">
  			<![CDATA[
	  select*from(select rownum rnum, review.* from (select*from review where product_num = #{product_num} order by review_no desc)review)
         where rnum >= ((#{page}-1) * 5+1)  and rnum <= (#{page} * 5)
			 ]]> 
</select> 

<!-- 조회수 증가 -->
<update id="updateHit" parameterType="int">
update review set r_hit = r_hit + 1 where review_no = #{review_no}
</update>

<!-- 리뷰 상세 내용 불러오기 -->
<select id="select" parameterType="int" resultType="review">
select * from review where review_no = #{review_no}
</select>

<!-- 리뷰 수정 내용 불러오기 -->
<select id="updateselect" parameterType="int" resultType="review">
select * from review where review_no = #{review_no}
</select>
 
<!-- 리뷰  수정 -->
<update id="review_update" parameterType="review">
	update review set review_sb=#{review_sb},review_img=#{review_img, jdbcType=VARCHAR},
	review_star=#{review_star},review_content=#{review_content},review_date=sysdate
	where review_no=#{review_no}
</update>

<!-- 리뷰 삭제 번호 불러오기 -->
<select id="deleteselect" parameterType="int" resultType="review">
select * from review where review_no = #{review_no}
</select>

<!-- 게시물 삭제 -->
	<delete id="review_delete" parameterType="int">
		delete from review where review_no=#{review_no}
	</delete>
 
<!--상품 코드 가져오기 -->
<select id="product_select" resultType="product">
		select * from product where
		product_num = #{product_num}
	</select>
	
<!--옵션 코드 가져오기 -->
<select id="options_select" resultType="options">
		select * from options where
		options_num = #{options_num}
	</select>

	
	
</mapper>